year	level	id	aquaculture
2000	state	AP	0.0
2000	state	PA	0.0
2000	state	MA	0.0
2000	state	PI	0.0
2000	state	CE	0.13420383789062498
2000	state	RN	0.1795152158203125
2000	state	PB	0.02260041064453125
2000	state	PE	0.0
2000	state	AL	0.0
2000	state	SE	0.002191283935546875
2000	state	BA	0.0
2000	state	ES	0.0
2000	state	RJ	0.0
2000	state	SP	0.0
2000	state	PR	0.0
2000	state	SC	0.0
2001	state	AP	0.0
2001	state	PA	0.0
2001	state	MA	0.0
2001	state	PI	0.050675992187500005
2001	state	CE	0.05137393038449755
2001	state	RN	0.2586348369140624
2001	state	PB	0.0
2001	state	PE	0.0
2001	state	AL	0.0
2001	state	SE	0.002191281005859375
2001	state	BA	0.0566956015625
2001	state	ES	0.0
2001	state	RJ	0.0
2001	state	SP	0.0
2001	state	PR	0.0
2001	state	SC	0.0
2002	state	AP	0.0
2002	state	PA	0.0
2002	state	MA	0.0
2002	state	PI	0.02533660546875
2002	state	CE	0.1640772529296875
2002	state	RN	0.3378031059570311
2002	state	PB	0.028240669433593747
2002	state	PE	0.0
2002	state	AL	0.0
2002	state	SE	0.015331810791015626
2002	state	BA	0.0
2002	state	ES	0.0
2002	state	RJ	0.0
2002	state	SP	0.0
2002	state	PR	0.0
2002	state	SC	0.0
2003	state	AP	0.0
2003	state	PA	0.0
2003	state	MA	0.0
2003	state	PI	0.0
2003	state	CE	0.1193465029296875
2003	state	RN	0.11623385205078125
2003	state	PB	0.01694236376953125
2003	state	PE	0.0
2003	state	AL	0.0
2003	state	SE	0.0
2003	state	BA	0.0
2003	state	ES	0.0
2003	state	RJ	0.0
2003	state	SP	0.0
2003	state	PR	0.0
2003	state	SC	0.0
2004	state	AP	0.0
2004	state	PA	0.0
2004	state	MA	0.0
2004	state	PI	0.0
2004	state	CE	0.0298466630859375
2004	state	RN	0.0897902734375
2004	state	PB	0.00564726611328125
2004	state	PE	0.019697076171875
2004	state	AL	0.0
2004	state	SE	0.006571437744140625
2004	state	BA	0.0
2004	state	ES	0.0
2004	state	RJ	0.0
2004	state	SP	0.0
2004	state	PR	0.0
2004	state	SC	0.0
2005	state	AP	0.0
2005	state	PA	0.0
2005	state	MA	0.0
2005	state	PI	0.0
2005	state	CE	0.0149229384765625
2005	state	RN	0.0686510810546875
2005	state	PB	0.0112947744140625
2005	state	PE	0.0
2005	state	AL	0.0
2005	state	SE	0.0065740283203125
2005	state	BA	0.0
2005	state	ES	0.0
2005	state	RJ	0.0
2005	state	SP	0.0
2005	state	PR	0.0
2005	state	SC	0.0
2006	state	AP	0.0
2006	state	PA	0.0
2006	state	MA	0.0
2006	state	PI	0.0
2006	state	CE	0.029848400390625
2006	state	RN	0.031719643554687496
2006	state	PB	0.0056471279296875
2006	state	PE	0.0
2006	state	AL	0.0
2006	state	SE	0.03286681005859376
2006	state	BA	0.1131102421875
2006	state	ES	0.0
2006	state	RJ	0.0
2006	state	SP	0.0
2006	state	PR	0.0
2006	state	SC	0.0
2007	state	AP	0.0
2007	state	PA	0.0
2007	state	MA	0.0
2007	state	PI	0.02533712890625
2007	state	CE	0.074575068359375
2007	state	RN	0.17968292138671876
2007	state	PB	0.01694188671875
2007	state	PE	0.0
2007	state	AL	0.0
2007	state	SE	0.0197217373046875
2007	state	BA	0.0
2007	state	ES	0.0
2007	state	RJ	0.0
2007	state	SP	0.0
2007	state	PR	0.0
2007	state	SC	0.0
2008	state	AP	0.0
2008	state	PA	0.0
2008	state	MA	0.0
2008	state	PI	0.0
2008	state	CE	0.13420121972656252
2008	state	RN	0.095106900390625
2008	state	PB	0.00564716845703125
2008	state	PE	0.0
2008	state	AL	0.0
2008	state	SE	0.00219133984375
2008	state	BA	0.0
2008	state	ES	0.0
2008	state	RJ	0.0
2008	state	SP	0.0
2008	state	PR	0.0
2008	state	SC	0.0
2009	state	AP	0.0
2009	state	PA	0.0
2009	state	MA	0.0
2009	state	PI	0.025338734375
2009	state	CE	0.07457017773437499
2009	state	RN	0.05284014453125
2009	state	PB	0.00564721728515625
2009	state	PE	0.0
2009	state	AL	0.0
2009	state	SE	0.002188909912109375
2009	state	BA	0.0
2009	state	ES	0.0
2009	state	RJ	0.0
2009	state	SP	0.0
2009	state	PR	0.0
2009	state	SC	0.0
2010	state	AP	0.0
2010	state	PA	0.0
2010	state	MA	0.0
2010	state	PI	0.025337775390625
2010	state	CE	0.19394344335937502
2010	state	RN	0.08978011621093751
2010	state	PB	0.0056510888671875
2010	state	PE	0.0
2010	state	AL	0.0
2010	state	SE	0.0109566728515625
2010	state	BA	0.0
2010	state	ES	0.0
2010	state	RJ	0.0
2010	state	SP	0.0
2010	state	PR	0.0
2010	state	SC	0.0
2011	state	AP	0.0
2011	state	PA	0.0
2011	state	MA	0.0
2011	state	PI	0.15202891796875
2011	state	CE	0.1192735244140625
2011	state	RN	0.09510265869140624
2011	state	PB	0.00564729833984375
2011	state	PE	0.0
2011	state	AL	0.0
2011	state	SE	0.0153391875
2011	state	BA	0.0
2011	state	ES	0.0
2011	state	RJ	0.0
2011	state	SP	0.0
2011	state	PR	0.0
2011	state	SC	0.0
2012	state	AP	0.0
2012	state	PA	0.0
2012	state	MA	0.0
2012	state	PI	0.02533780859375
2012	state	CE	0.149142529296875
2012	state	RN	0.0634221845703125
2012	state	PB	0.01694165185546875
2012	state	PE	0.0
2012	state	AL	0.0
2012	state	SE	0.002191389892578125
2012	state	BA	0.0
2012	state	ES	0.0
2012	state	RJ	0.0
2012	state	SP	0.0
2012	state	PR	0.0
2012	state	SC	0.0
2013	state	AP	0.0
2013	state	PA	0.0
2013	state	MA	0.0
2013	state	PI	0.02533712890625
2013	state	CE	0.09612485225949755
2013	state	RN	0.07927821191406251
2013	state	PB	0.0112944912109375
2013	state	PE	0.0
2013	state	AL	0.0
2013	state	SE	0.002188909912109375
2013	state	BA	0.0564141171875
2013	state	ES	0.0
2013	state	RJ	0.0
2013	state	SP	0.0
2013	state	PR	0.0
2013	state	SC	0.0
2014	state	AP	0.0
2014	state	PA	0.0
2014	state	MA	0.0
2014	state	PI	0.0
2014	state	CE	0.0745762529296875
2014	state	RN	0.10572408398437501
2014	state	PB	0.022588917968749997
2014	state	PE	0.0098482587890625
2014	state	AL	0.0
2014	state	SE	0.026289611328125
2014	state	BA	0.0
2014	state	ES	0.0
2014	state	RJ	0.0
2014	state	SP	0.0
2014	state	PR	0.0
2014	state	SC	0.0
2015	state	AP	0.0
2015	state	PA	0.0
2015	state	MA	0.0
2015	state	PI	0.050676544921875
2015	state	CE	0.1342273525390625
2015	state	RN	0.14794506445312502
2015	state	PB	0.02259661181640625
2015	state	PE	0.0
2015	state	AL	0.0
2015	state	SE	0.013148033203125
2015	state	BA	0.0557653125
2015	state	ES	0.0
2015	state	RJ	0.0
2015	state	SP	0.0
2015	state	PR	0.0
2015	state	SC	0.0
2016	state	AP	0.0
2016	state	PA	0.0
2016	state	MA	0.0
2016	state	PI	0.025337322265625
2016	state	CE	0.059644620117187505
2016	state	RN	0.12157032910156251
2016	state	PB	0.01694180615234375
2016	state	PE	0.019671162109375
2016	state	AL	0.0
2016	state	SE	0.0
2016	state	BA	0.0
2016	state	ES	0.0
2016	state	RJ	0.0
2016	state	SP	0.0
2016	state	PR	0.0
2016	state	SC	0.0
2017	state	AP	0.0
2017	state	PA	0.0
2017	state	MA	0.0
2017	state	PI	0.05067583203125
2017	state	CE	0.13419565722656251
2017	state	RN	0.06339353857421876
2017	state	PB	0.01693613232421875
2017	state	PE	0.0
2017	state	AL	0.0
2017	state	SE	0.00218895849609375
2017	state	BA	0.0
2017	state	ES	0.0
2017	state	RJ	0.0
2017	state	SP	0.0
2017	state	PR	0.0
2017	state	SC	0.0
2018	state	AP	0.0
2018	state	PA	0.0
2018	state	MA	0.0
2018	state	PI	0.0
2018	state	CE	0.0596723896484375
2018	state	RN	0.0264024130859375
2018	state	PB	0.0
2018	state	PE	0.0
2018	state	AL	0.0
2018	state	SE	0.00438020556640625
2018	state	BA	0.0
2018	state	ES	0.0
2018	state	RJ	0.0
2018	state	SP	0.0
2018	state	PR	0.0
2018	state	SC	0.0
2019	state	AP	0.0
2019	state	PA	0.0
2019	state	MA	0.0
2019	state	PI	0.050674158203125
2019	state	CE	0.02985058984375
2019	state	RN	0.04227838525390625
2019	state	PB	0.02824382958984375
2019	state	PE	0.0196628369140625
2019	state	AL	0.0
2019	state	SE	0.0
2019	state	BA	0.05669602734375
2019	state	ES	0.0
2019	state	RJ	0.0
2019	state	SP	0.0
2019	state	PR	0.0
2019	state	SC	0.0
2020	state	AP	0.0
2020	state	PA	0.0
2020	state	MA	0.0
2020	state	PI	0.0
2020	state	CE	0.044749720703125
2020	state	RN	0.05281155273437499
2020	state	PB	0.00564727392578125
2020	state	PE	0.0
2020	state	AL	0.0
2020	state	SE	0.004380249755859375
2020	state	BA	0.0
2020	state	ES	0.0
2020	state	RJ	0.0
2020	state	SP	0.0
2020	state	PR	0.0
2020	state	SC	0.0