year	level	id	grassland
2000	state	AP	8.392353722323076
2000	state	PA	4.957025310937501
2000	state	MA	2.4981480820312503
2000	state	PI	0.0
2000	state	CE	0.02984648828125
2000	state	RN	0.0
2000	state	PB	0.0
2000	state	PE	0.0
2000	state	AL	0.0
2000	state	SE	0.0
2000	state	BA	0.0
2000	state	ES	0.0
2000	state	RJ	0.0
2000	state	SP	0.0
2000	state	PR	0.0
2000	state	SC	0.0
2001	state	AP	10.810508913327215
2001	state	PA	2.6111316598958334
2001	state	MA	2.3978601601562497
2001	state	PI	0.0
2001	state	CE	0.044767033203125
2001	state	RN	0.005282115234375
2001	state	PB	0.0
2001	state	PE	0.0
2001	state	AL	0.0
2001	state	SE	0.0
2001	state	BA	0.0
2001	state	ES	0.0
2001	state	RJ	0.0
2001	state	SP	0.0
2001	state	PR	0.0
2001	state	SC	0.0
2002	state	AP	7.228386130549173
2002	state	PA	1.6711483987745097
2002	state	MA	1.4320611914062502
2002	state	PI	0.0
2002	state	CE	0.0298249658203125
2002	state	RN	0.010567842773437499
2002	state	PB	0.0
2002	state	PE	0.0
2002	state	AL	0.0
2002	state	SE	0.0
2002	state	BA	0.0
2002	state	ES	0.0
2002	state	RJ	0.0
2002	state	SP	0.0
2002	state	PR	0.0
2002	state	SC	0.0
2003	state	AP	6.937123028948377
2003	state	PA	3.31781089966299
2003	state	MA	2.5310744765625
2003	state	PI	0.0
2003	state	CE	0.014912748046875
2003	state	RN	0.0
2003	state	PB	0.0
2003	state	PE	0.0
2003	state	AL	0.0
2003	state	SE	0.0
2003	state	BA	0.0
2003	state	ES	0.0
2003	state	RJ	0.0
2003	state	SP	0.0
2003	state	PR	0.0
2003	state	SC	0.0
2004	state	AP	12.249080899272371
2004	state	PA	4.348141030116421
2004	state	MA	5.756663033854167
2004	state	PI	0.0
2004	state	CE	0.02984355859375
2004	state	RN	0.0
2004	state	PB	0.0
2004	state	PE	0.0
2004	state	AL	0.0
2004	state	SE	0.002189813720703125
2004	state	BA	0.0
2004	state	ES	0.0
2004	state	RJ	0.0
2004	state	SP	0.0
2004	state	PR	0.0
2004	state	SC	0.0
2005	state	AP	12.36468432340686
2005	state	PA	3.774595905055147
2005	state	MA	4.69544155859375
2005	state	PI	0.0
2005	state	CE	0.09092984237132352
2005	state	RN	0.0
2005	state	PB	0.0
2005	state	PE	0.0
2005	state	AL	0.0
2005	state	SE	0.0
2005	state	BA	0.0
2005	state	ES	0.0
2005	state	RJ	0.0
2005	state	SP	0.0
2005	state	PR	0.0
2005	state	SC	0.0
2006	state	AP	8.440186191992186
2006	state	PA	3.0938813970588233
2006	state	MA	3.5633057851562495
2006	state	PI	0.0
2006	state	CE	0.01492084375
2006	state	RN	0.01056422998046875
2006	state	PB	0.0
2006	state	PE	0.0
2006	state	AL	0.0
2006	state	SE	0.00218981982421875
2006	state	BA	0.0
2006	state	ES	0.0
2006	state	RJ	0.0
2006	state	SP	0.0
2006	state	PR	0.0
2006	state	SC	0.0
2007	state	AP	7.633252437787229
2007	state	PA	2.738801292401961
2007	state	MA	3.396788714843752
2007	state	PI	0.0
2007	state	CE	0.044762234375
2007	state	RN	0.0
2007	state	PB	0.0
2007	state	PE	0.0
2007	state	AL	0.0
2007	state	SE	0.0
2007	state	BA	0.0
2007	state	ES	0.0
2007	state	RJ	0.0
2007	state	SP	0.0
2007	state	PR	0.0
2007	state	SC	0.0
2008	state	AP	5.110485246020988
2008	state	PA	3.1945283983762254
2008	state	MA	2.432598709574143
2008	state	PI	0.0
2008	state	CE	0.0
2008	state	RN	0.0
2008	state	PB	0.0
2008	state	PE	0.0
2008	state	AL	0.0
2008	state	SE	0.0
2008	state	BA	0.0
2008	state	ES	0.0
2008	state	RJ	0.0
2008	state	SP	0.0
2008	state	PR	0.0
2008	state	SC	0.0
2009	state	AP	5.693133444025737
2009	state	PA	3.2441955408700984
2009	state	MA	2.49786872265625
2009	state	PI	0.0
2009	state	CE	0.0298357373046875
2009	state	RN	0.0
2009	state	PB	0.0
2009	state	PE	0.0
2009	state	AL	0.0
2009	state	SE	0.0
2009	state	BA	0.0
2009	state	ES	0.0
2009	state	RJ	0.0
2009	state	SP	0.0
2009	state	PR	0.0
2009	state	SC	0.0
2010	state	AP	3.2807695061542574
2010	state	PA	2.936700503339461
2010	state	MA	2.131579820312499
2010	state	PI	0.0
2010	state	CE	0.014912455078125
2010	state	RN	0.0052807373046875
2010	state	PB	0.0
2010	state	PE	0.0
2010	state	AL	0.0
2010	state	SE	0.0
2010	state	BA	0.0
2010	state	ES	0.0
2010	state	RJ	0.0
2010	state	SP	0.0
2010	state	PR	0.0
2010	state	SC	0.0
2011	state	AP	4.4369899242072615
2011	state	PA	2.7196804015931373
2011	state	MA	2.7368506991574746
2011	state	PI	0.0
2011	state	CE	0.014912765625
2011	state	RN	0.0
2011	state	PB	0.0
2011	state	PE	0.0
2011	state	AL	0.0
2011	state	SE	0.0
2011	state	BA	0.0
2011	state	ES	0.0
2011	state	RJ	0.0
2011	state	SP	0.0
2011	state	PR	0.0
2011	state	SC	0.0
2012	state	AP	6.4262425935700085
2012	state	PA	2.508979913174019
2012	state	MA	4.929221851562501
2012	state	PI	0.0
2012	state	CE	0.08950875195312501
2012	state	RN	0.005282115234375
2012	state	PB	0.0
2012	state	PE	0.0
2012	state	AL	0.0
2012	state	SE	0.0
2012	state	BA	0.0
2012	state	ES	0.0
2012	state	RJ	0.0
2012	state	SP	0.0
2012	state	PR	0.0
2012	state	SC	0.0
2013	state	AP	9.86832426915977
2013	state	PA	4.973664553615196
2013	state	MA	3.4637731874999993
2013	state	PI	0.0
2013	state	CE	0.04475647265625
2013	state	RN	0.0
2013	state	PB	0.0
2013	state	PE	0.0
2013	state	AL	0.0
2013	state	SE	0.0
2013	state	BA	0.0
2013	state	ES	0.0
2013	state	RJ	0.0
2013	state	SP	0.0
2013	state	PR	0.0
2013	state	SC	0.0
2014	state	AP	3.9429466965992637
2014	state	PA	2.573304005821078
2014	state	MA	2.831094078125
2014	state	PI	0.0
2014	state	CE	0.029843604492187502
2014	state	RN	0.0
2014	state	PB	0.0
2014	state	PE	0.0
2014	state	AL	0.0
2014	state	SE	0.0
2014	state	BA	0.0
2014	state	ES	0.0
2014	state	RJ	0.0
2014	state	SP	0.0
2014	state	PR	0.0
2014	state	SC	0.0
2015	state	AP	13.734955790567568
2015	state	PA	2.192719322671569
2015	state	MA	2.8975530976562496
2015	state	PI	0.0
2015	state	CE	0.0298357490234375
2015	state	RN	0.0
2015	state	PB	0.0
2015	state	PE	0.0
2015	state	AL	0.0
2015	state	SE	0.0
2015	state	BA	0.0
2015	state	ES	0.0
2015	state	RJ	0.0
2015	state	SP	0.0
2015	state	PR	0.0
2015	state	SC	0.0
2016	state	AP	26.349029357081058
2016	state	PA	7.219235585569852
2016	state	MA	9.091646050781259
2016	state	PI	0.0
2016	state	CE	0.0
2016	state	RN	0.0105734404296875
2016	state	PB	0.0
2016	state	PE	0.0
2016	state	AL	0.0
2016	state	SE	0.0
2016	state	BA	0.0
2016	state	ES	0.0
2016	state	RJ	0.0
2016	state	SP	0.0
2016	state	PR	0.0
2016	state	SC	0.0
2017	state	AP	5.810086064456958
2017	state	PA	2.2447776929534315
2017	state	MA	5.523388045572913
2017	state	PI	0.0
2017	state	CE	0.0298357939453125
2017	state	RN	0.01585381494140625
2017	state	PB	0.0
2017	state	PE	0.0
2017	state	AL	0.0
2017	state	SE	0.0
2017	state	BA	0.0
2017	state	ES	0.0
2017	state	RJ	0.0
2017	state	SP	0.0
2017	state	PR	0.0
2017	state	SC	0.0
2018	state	AP	7.329149447392
2018	state	PA	0.8657794215686274
2018	state	MA	0.26650423828125
2018	state	PI	0.0
2018	state	CE	0.0
2018	state	RN	0.0052820859375
2018	state	PB	0.0
2018	state	PE	0.0
2018	state	AL	0.0
2018	state	SE	0.0
2018	state	BA	0.0
2018	state	ES	0.0
2018	state	RJ	0.0
2018	state	SP	0.0
2018	state	PR	0.0
2018	state	SC	0.0
2019	state	AP	4.3769599971507365
2019	state	PA	1.5267942956188725
2019	state	MA	1.3988674765624998
2019	state	PI	0.0
2019	state	CE	0.0
2019	state	RN	0.0
2019	state	PB	0.0
2019	state	PE	0.0
2019	state	AL	0.0
2019	state	SE	0.0
2019	state	BA	0.0
2019	state	ES	0.0
2019	state	RJ	0.0
2019	state	SP	0.0
2019	state	PR	0.0
2019	state	SC	0.0
2020	state	AP	7.785154962905944
2020	state	PA	1.5282984299325981
2020	state	MA	1.79847008203125
2020	state	PI	0.0
2020	state	CE	0.0298306767578125
2020	state	RN	0.0
2020	state	PB	0.0
2020	state	PE	0.0
2020	state	AL	0.0
2020	state	SE	0.0
2020	state	BA	0.0
2020	state	ES	0.0
2020	state	RJ	0.0
2020	state	SP	0.0
2020	state	PR	0.0
2020	state	SC	0.0