year	level	id	herbSandbank
2000	state	AP	0.0
2000	state	PA	0.0
2000	state	MA	0.0
2000	state	PI	0.0
2000	state	CE	0.0
2000	state	RN	0.0
2000	state	PB	0.0
2000	state	PE	0.0
2000	state	AL	0.0
2000	state	SE	0.0
2000	state	BA	0.3011764990349265
2000	state	ES	0.00462428955078125
2000	state	RJ	0.0043879033203125
2000	state	SP	0.267466208984375
2000	state	PR	0.23761012890625
2000	state	SC	0.0
2001	state	AP	0.0
2001	state	PA	0.0
2001	state	MA	0.0
2001	state	PI	0.0
2001	state	CE	0.0
2001	state	RN	0.0
2001	state	PB	0.0
2001	state	PE	0.0
2001	state	AL	0.0
2001	state	SE	0.0
2001	state	BA	0.38830327734375
2001	state	ES	0.0092496708984375
2001	state	RJ	0.0
2001	state	SP	0.07304357812500001
2001	state	PR	0.49539249023437504
2001	state	SC	0.0
2002	state	AP	0.0
2002	state	PA	0.0
2002	state	MA	0.0
2002	state	PI	0.0
2002	state	CE	0.0
2002	state	RN	0.0
2002	state	PB	0.0
2002	state	PE	0.0
2002	state	AL	0.0
2002	state	SE	0.0
2002	state	BA	0.27773937890625
2002	state	ES	0.0
2002	state	RJ	0.0
2002	state	SP	0.34041191210937505
2002	state	PR	1.089736416015625
2002	state	SC	0.0
2003	state	AP	0.0
2003	state	PA	0.0
2003	state	MA	0.0
2003	state	PI	0.0
2003	state	CE	0.0
2003	state	RN	0.0
2003	state	PB	0.0
2003	state	PE	0.0
2003	state	AL	0.0
2003	state	SE	0.0
2003	state	BA	0.16654687109375
2003	state	ES	0.0092475009765625
2003	state	RJ	0.0043884169921875
2003	state	SP	0.9967917011718753
2003	state	PR	0.8228100167968749
2003	state	SC	0.0
2004	state	AP	0.0
2004	state	PA	0.0
2004	state	MA	0.0
2004	state	PI	0.0
2004	state	CE	0.0
2004	state	RN	0.005282033203125
2004	state	PB	0.0
2004	state	PE	0.0
2004	state	AL	0.0
2004	state	SE	0.0
2004	state	BA	0.333632609375
2004	state	ES	0.004622529296875
2004	state	RJ	0.0
2004	state	SP	0.6397092923253676
2004	state	PR	0.8158730603324145
2004	state	SC	0.0
2005	state	AP	0.0
2005	state	PA	0.0
2005	state	MA	0.0
2005	state	PI	0.0
2005	state	CE	0.0
2005	state	RN	0.0
2005	state	PB	0.0
2005	state	PE	0.0
2005	state	AL	0.0
2005	state	SE	0.0
2005	state	BA	0.2784028359375
2005	state	ES	0.0
2005	state	RJ	0.0043883251953125
2005	state	SP	0.291771025390625
2005	state	PR	0.29694464257812503
2005	state	SC	0.0
2006	state	AP	0.0
2006	state	PA	0.0
2006	state	MA	0.0
2006	state	PI	0.0
2006	state	CE	0.0
2006	state	RN	0.0
2006	state	PB	0.0
2006	state	PE	0.0
2006	state	AL	0.0
2006	state	SE	0.0
2006	state	BA	0.334637859375
2006	state	ES	0.0
2006	state	RJ	0.0
2006	state	SP	0.12169508007812499
2006	state	PR	0.47530909960937495
2006	state	SC	0.0
2007	state	AP	0.0
2007	state	PA	0.0
2007	state	MA	0.0
2007	state	PI	0.0
2007	state	CE	0.0
2007	state	RN	0.0
2007	state	PB	0.0
2007	state	PE	0.0
2007	state	AL	0.0
2007	state	SE	0.0
2007	state	BA	0.33252459375
2007	state	ES	0.00925846923828125
2007	state	RJ	0.0
2007	state	SP	0.5381179744944852
2007	state	PR	0.9940505723115808
2007	state	SC	0.0
2008	state	AP	0.0
2008	state	PA	0.0
2008	state	MA	0.0
2008	state	PI	0.0
2008	state	CE	0.0
2008	state	RN	0.0
2008	state	PB	0.0
2008	state	PE	0.0
2008	state	AL	0.0
2008	state	SE	0.0
2008	state	BA	0.44441987890624995
2008	state	ES	0.004625005859375
2008	state	RJ	0.00438900341796875
2008	state	SP	0.899828169921875
2008	state	PR	1.3076651074218746
2008	state	SC	0.0
2009	state	AP	0.0
2009	state	PA	0.0
2009	state	MA	0.0
2009	state	PI	0.0
2009	state	CE	0.0
2009	state	RN	0.0
2009	state	PB	0.0
2009	state	PE	0.0
2009	state	AL	0.0
2009	state	SE	0.0
2009	state	BA	0.27695823046875
2009	state	ES	0.0092512373046875
2009	state	RJ	0.0
2009	state	SP	0.8023433906250002
2009	state	PR	0.8717169746093748
2009	state	SC	0.0
2010	state	AP	0.0
2010	state	PA	0.0
2010	state	MA	0.0
2010	state	PI	0.0
2010	state	CE	0.0
2010	state	RN	0.0
2010	state	PB	0.0
2010	state	PE	0.0
2010	state	AL	0.0
2010	state	SE	0.0
2010	state	BA	0.38904195703125
2010	state	ES	0.0
2010	state	RJ	0.0
2010	state	SP	0.41336155468749997
2010	state	PR	0.6337790390625001
2010	state	SC	0.0
2011	state	AP	0.0
2011	state	PA	0.0
2011	state	MA	0.0
2011	state	PI	0.0
2011	state	CE	0.0
2011	state	RN	0.0
2011	state	PB	0.0
2011	state	PE	0.0
2011	state	AL	0.0
2011	state	SE	0.0
2011	state	BA	0.1115117265625
2011	state	ES	0.0046255849609375
2011	state	RJ	0.00437771923828125
2011	state	SP	0.7800792727864586
2011	state	PR	0.42653915351562494
2011	state	SC	0.0
2012	state	AP	0.0
2012	state	PA	0.0
2012	state	MA	0.0
2012	state	PI	0.0
2012	state	CE	0.0
2012	state	RN	0.0
2012	state	PB	0.0
2012	state	PE	0.0
2012	state	AL	0.0
2012	state	SE	0.0
2012	state	BA	0.39027517968750003
2012	state	ES	0.0046224951171875
2012	state	RJ	0.0
2012	state	SP	0.6085395742187499
2012	state	PR	1.188319275390625
2012	state	SC	0.0
2013	state	AP	0.0
2013	state	PA	0.0
2013	state	MA	0.0
2013	state	PI	0.0
2013	state	CE	0.0
2013	state	RN	0.0
2013	state	PB	0.0
2013	state	PE	0.0
2013	state	AL	0.0
2013	state	SE	0.0
2013	state	BA	0.4086264523743872
2013	state	ES	0.004622888671875
2013	state	RJ	0.00438863671875
2013	state	SP	0.7778738183593751
2013	state	PR	1.4860505898437502
2013	state	SC	0.0
2014	state	AP	0.0
2014	state	PA	0.0
2014	state	MA	0.0
2014	state	PI	0.0
2014	state	CE	0.0
2014	state	RN	0.0
2014	state	PB	0.0
2014	state	PE	0.0
2014	state	AL	0.0
2014	state	SE	0.0
2014	state	BA	0.38921932421875
2014	state	ES	0.0
2014	state	RJ	0.0
2014	state	SP	0.48604805273437496
2014	state	PR	0.8118157617187501
2014	state	SC	0.0
2015	state	AP	0.0
2015	state	PA	0.0
2015	state	MA	0.0
2015	state	PI	0.0
2015	state	CE	0.0
2015	state	RN	0.0
2015	state	PB	0.0
2015	state	PE	0.0
2015	state	AL	0.0
2015	state	SE	0.00219161328125
2015	state	BA	0.4999977854932598
2015	state	ES	0.0
2015	state	RJ	0.0
2015	state	SP	0.2753354251378677
2015	state	PR	0.40051792361366423
2015	state	SC	0.0
2016	state	AP	0.0
2016	state	PA	0.0
2016	state	MA	0.0
2016	state	PI	0.0
2016	state	CE	0.0
2016	state	RN	0.01056783837890625
2016	state	PB	0.0
2016	state	PE	0.0
2016	state	AL	0.0
2016	state	SE	0.0
2016	state	BA	0.17334969538909312
2016	state	ES	0.00924751806640625
2016	state	RJ	0.0
2016	state	SP	0.29182118164062504
2016	state	PR	0.49502367578125
2016	state	SC	0.0
2017	state	AP	0.0
2017	state	PA	0.0
2017	state	MA	0.0
2017	state	PI	0.0
2017	state	CE	0.0
2017	state	RN	0.0105675927734375
2017	state	PB	0.0
2017	state	PE	0.0
2017	state	AL	0.0
2017	state	SE	0.0
2017	state	BA	0.27660676953124996
2017	state	ES	0.0
2017	state	RJ	0.0
2017	state	SP	0.58369674609375
2017	state	PR	0.5148176152343749
2017	state	SC	0.0
2018	state	AP	0.0
2018	state	PA	0.0
2018	state	MA	0.0
2018	state	PI	0.0
2018	state	CE	0.0
2018	state	RN	0.00528704052734375
2018	state	PB	0.0
2018	state	PE	0.0
2018	state	AL	0.0
2018	state	SE	0.0
2018	state	BA	0.22194237109374998
2018	state	ES	0.0
2018	state	RJ	0.0
2018	state	SP	0.024320814453125
2018	state	PR	0.11894089453125
2018	state	SC	0.0
2019	state	AP	0.0
2019	state	PA	0.0
2019	state	MA	0.0
2019	state	PI	0.0
2019	state	CE	0.0
2019	state	RN	0.0
2019	state	PB	0.0
2019	state	PE	0.0
2019	state	AL	0.0
2019	state	SE	0.0
2019	state	BA	0.1118736484375
2019	state	ES	0.0046234697265625
2019	state	RJ	0.0
2019	state	SP	0.0
2019	state	PR	0.059368318359375005
2019	state	SC	0.0
2020	state	AP	0.0
2020	state	PA	0.0
2020	state	MA	0.0
2020	state	PI	0.0
2020	state	CE	0.0
2020	state	RN	0.0
2020	state	PB	0.0
2020	state	PE	0.0
2020	state	AL	0.0
2020	state	SE	0.0
2020	state	BA	0.24576189356617648
2020	state	ES	0.0
2020	state	RJ	0.0
2020	state	SP	0.0
2020	state	PR	0.01980269921875
2020	state	SC	0.0