year	level	id	nonForest
2000	state	AP	0.0
2000	state	PA	0.0
2000	state	MA	0.0
2000	state	PI	0.0
2000	state	CE	0.0
2000	state	RN	0.0
2000	state	PB	0.0
2000	state	PE	0.0
2000	state	AL	0.0
2000	state	SE	0.0
2000	state	BA	0.0
2000	state	ES	0.0
2000	state	RJ	0.0
2000	state	SP	0.0
2000	state	PR	0.0
2000	state	SC	0.0
2001	state	AP	0.0
2001	state	PA	0.0
2001	state	MA	0.0
2001	state	PI	0.0
2001	state	CE	0.0
2001	state	RN	0.0
2001	state	PB	0.0
2001	state	PE	0.0
2001	state	AL	0.0
2001	state	SE	0.0
2001	state	BA	0.0
2001	state	ES	0.0
2001	state	RJ	0.0
2001	state	SP	0.0
2001	state	PR	0.0
2001	state	SC	0.0
2002	state	AP	0.0
2002	state	PA	0.0
2002	state	MA	0.0
2002	state	PI	0.0
2002	state	CE	0.0
2002	state	RN	0.0
2002	state	PB	0.0
2002	state	PE	0.0
2002	state	AL	0.0
2002	state	SE	0.0
2002	state	BA	0.0
2002	state	ES	0.0
2002	state	RJ	0.0
2002	state	SP	0.0
2002	state	PR	0.0
2002	state	SC	0.0
2003	state	AP	0.0
2003	state	PA	0.0
2003	state	MA	0.0
2003	state	PI	0.0
2003	state	CE	0.0
2003	state	RN	0.0
2003	state	PB	0.0
2003	state	PE	0.0
2003	state	AL	0.0
2003	state	SE	0.0
2003	state	BA	0.0
2003	state	ES	0.0
2003	state	RJ	0.0
2003	state	SP	0.0
2003	state	PR	0.0
2003	state	SC	0.0
2004	state	AP	0.0
2004	state	PA	0.0
2004	state	MA	0.0
2004	state	PI	0.0
2004	state	CE	0.0
2004	state	RN	0.0
2004	state	PB	0.0
2004	state	PE	0.0
2004	state	AL	0.0
2004	state	SE	0.0
2004	state	BA	0.0
2004	state	ES	0.0
2004	state	RJ	0.0
2004	state	SP	0.0
2004	state	PR	0.0
2004	state	SC	0.0
2005	state	AP	0.0
2005	state	PA	0.0
2005	state	MA	0.0
2005	state	PI	0.0
2005	state	CE	0.0
2005	state	RN	0.0
2005	state	PB	0.0
2005	state	PE	0.0
2005	state	AL	0.0
2005	state	SE	0.0
2005	state	BA	0.0
2005	state	ES	0.0
2005	state	RJ	0.0
2005	state	SP	0.0
2005	state	PR	0.0
2005	state	SC	0.0
2006	state	AP	0.0
2006	state	PA	0.0
2006	state	MA	0.0
2006	state	PI	0.0
2006	state	CE	0.0
2006	state	RN	0.0
2006	state	PB	0.0
2006	state	PE	0.0
2006	state	AL	0.0
2006	state	SE	0.0
2006	state	BA	0.0
2006	state	ES	0.0
2006	state	RJ	0.0
2006	state	SP	0.0
2006	state	PR	0.0
2006	state	SC	0.0
2007	state	AP	0.0
2007	state	PA	0.0
2007	state	MA	0.0
2007	state	PI	0.0
2007	state	CE	0.0
2007	state	RN	0.0
2007	state	PB	0.0
2007	state	PE	0.0
2007	state	AL	0.0
2007	state	SE	0.0
2007	state	BA	0.0
2007	state	ES	0.0
2007	state	RJ	0.0
2007	state	SP	0.0
2007	state	PR	0.0
2007	state	SC	0.0
2008	state	AP	0.0
2008	state	PA	0.0
2008	state	MA	0.0
2008	state	PI	0.0
2008	state	CE	0.0
2008	state	RN	0.0
2008	state	PB	0.0
2008	state	PE	0.0
2008	state	AL	0.0
2008	state	SE	0.0
2008	state	BA	0.0
2008	state	ES	0.0
2008	state	RJ	0.0
2008	state	SP	0.0
2008	state	PR	0.0
2008	state	SC	0.0
2009	state	AP	0.0
2009	state	PA	0.0
2009	state	MA	0.0
2009	state	PI	0.0
2009	state	CE	0.0
2009	state	RN	0.0
2009	state	PB	0.0
2009	state	PE	0.0
2009	state	AL	0.0
2009	state	SE	0.0
2009	state	BA	0.0
2009	state	ES	0.0
2009	state	RJ	0.0
2009	state	SP	0.0
2009	state	PR	0.0
2009	state	SC	0.0
2010	state	AP	0.0
2010	state	PA	0.0
2010	state	MA	0.0
2010	state	PI	0.0
2010	state	CE	0.0
2010	state	RN	0.0
2010	state	PB	0.0
2010	state	PE	0.0
2010	state	AL	0.0
2010	state	SE	0.0
2010	state	BA	0.0
2010	state	ES	0.0
2010	state	RJ	0.0
2010	state	SP	0.0
2010	state	PR	0.0
2010	state	SC	0.0
2011	state	AP	0.0
2011	state	PA	0.0
2011	state	MA	0.0
2011	state	PI	0.0
2011	state	CE	0.0
2011	state	RN	0.0
2011	state	PB	0.0
2011	state	PE	0.0
2011	state	AL	0.0
2011	state	SE	0.0
2011	state	BA	0.0
2011	state	ES	0.0
2011	state	RJ	0.0
2011	state	SP	0.0
2011	state	PR	0.0
2011	state	SC	0.0
2012	state	AP	0.0
2012	state	PA	0.0
2012	state	MA	0.0
2012	state	PI	0.0
2012	state	CE	0.0
2012	state	RN	0.0
2012	state	PB	0.0
2012	state	PE	0.0
2012	state	AL	0.0
2012	state	SE	0.0
2012	state	BA	0.0
2012	state	ES	0.0
2012	state	RJ	0.0
2012	state	SP	0.0
2012	state	PR	0.0
2012	state	SC	0.0
2013	state	AP	0.0
2013	state	PA	0.0
2013	state	MA	0.0
2013	state	PI	0.0
2013	state	CE	0.0
2013	state	RN	0.0
2013	state	PB	0.0
2013	state	PE	0.0
2013	state	AL	0.0
2013	state	SE	0.0
2013	state	BA	0.0
2013	state	ES	0.0
2013	state	RJ	0.0
2013	state	SP	0.0
2013	state	PR	0.0
2013	state	SC	0.0
2014	state	AP	0.0
2014	state	PA	0.0
2014	state	MA	0.0
2014	state	PI	0.0
2014	state	CE	0.0
2014	state	RN	0.0
2014	state	PB	0.0
2014	state	PE	0.0
2014	state	AL	0.0
2014	state	SE	0.0
2014	state	BA	0.0
2014	state	ES	0.0
2014	state	RJ	0.0
2014	state	SP	0.0
2014	state	PR	0.0
2014	state	SC	0.0
2015	state	AP	0.0
2015	state	PA	0.0
2015	state	MA	0.0
2015	state	PI	0.0
2015	state	CE	0.0
2015	state	RN	0.0
2015	state	PB	0.0
2015	state	PE	0.0
2015	state	AL	0.0
2015	state	SE	0.0
2015	state	BA	0.0
2015	state	ES	0.0
2015	state	RJ	0.0
2015	state	SP	0.0
2015	state	PR	0.0
2015	state	SC	0.0
2016	state	AP	0.0
2016	state	PA	0.0
2016	state	MA	0.0
2016	state	PI	0.0
2016	state	CE	0.0
2016	state	RN	0.0
2016	state	PB	0.0
2016	state	PE	0.0
2016	state	AL	0.0
2016	state	SE	0.0
2016	state	BA	0.0
2016	state	ES	0.0
2016	state	RJ	0.0
2016	state	SP	0.0
2016	state	PR	0.0
2016	state	SC	0.0
2017	state	AP	0.0
2017	state	PA	0.0
2017	state	MA	0.0
2017	state	PI	0.0
2017	state	CE	0.0
2017	state	RN	0.0
2017	state	PB	0.0
2017	state	PE	0.0
2017	state	AL	0.0
2017	state	SE	0.0
2017	state	BA	0.0
2017	state	ES	0.0
2017	state	RJ	0.0
2017	state	SP	0.0
2017	state	PR	0.0
2017	state	SC	0.0
2018	state	AP	0.0
2018	state	PA	0.0
2018	state	MA	0.0
2018	state	PI	0.0
2018	state	CE	0.0
2018	state	RN	0.0
2018	state	PB	0.0
2018	state	PE	0.0
2018	state	AL	0.0
2018	state	SE	0.0
2018	state	BA	0.0
2018	state	ES	0.0
2018	state	RJ	0.0
2018	state	SP	0.0
2018	state	PR	0.0
2018	state	SC	0.0
2019	state	AP	0.0
2019	state	PA	0.0
2019	state	MA	0.0
2019	state	PI	0.0
2019	state	CE	0.0
2019	state	RN	0.0
2019	state	PB	0.0
2019	state	PE	0.0
2019	state	AL	0.0
2019	state	SE	0.0
2019	state	BA	0.0
2019	state	ES	0.0
2019	state	RJ	0.0
2019	state	SP	0.0
2019	state	PR	0.0
2019	state	SC	0.0
2020	state	AP	0.0
2020	state	PA	0.0
2020	state	MA	0.0
2020	state	PI	0.0
2020	state	CE	0.0
2020	state	RN	0.0
2020	state	PB	0.0
2020	state	PE	0.0
2020	state	AL	0.0
2020	state	SE	0.0
2020	state	BA	0.0
2020	state	ES	0.0
2020	state	RJ	0.0
2020	state	SP	0.0
2020	state	PR	0.0
2020	state	SC	0.0