year	level	id	pereCrop
2000	region	1	0.0
2000	region	2	0.0
2000	region	3	0.0
2000	region	4	0.0
2000	region	5	0.0
2000	region	6	0.0
2000	region	7	0.0
2001	region	1	0.0
2001	region	2	0.0
2001	region	3	0.0
2001	region	4	0.0
2001	region	5	0.0
2001	region	6	0.0
2001	region	7	0.0
2002	region	1	0.0
2002	region	2	0.0
2002	region	3	0.0
2002	region	4	0.0
2002	region	5	0.0
2002	region	6	0.0
2002	region	7	0.0
2003	region	1	0.0
2003	region	2	0.0
2003	region	3	0.0
2003	region	4	0.0
2003	region	5	0.0
2003	region	6	0.0
2003	region	7	0.0
2004	region	1	0.0
2004	region	2	0.0
2004	region	3	0.0
2004	region	4	0.0
2004	region	5	0.0
2004	region	6	0.0
2004	region	7	0.0
2005	region	1	0.0
2005	region	2	0.0
2005	region	3	0.0
2005	region	4	0.0
2005	region	5	0.0
2005	region	6	0.0
2005	region	7	0.0
2006	region	1	0.0
2006	region	2	0.0
2006	region	3	0.0
2006	region	4	0.0
2006	region	5	0.0
2006	region	6	0.0
2006	region	7	0.0
2007	region	1	0.0
2007	region	2	0.0
2007	region	3	0.0
2007	region	4	0.0
2007	region	5	0.0
2007	region	6	0.0
2007	region	7	0.0
2008	region	1	0.0
2008	region	2	0.0
2008	region	3	0.0
2008	region	4	0.0
2008	region	5	0.0
2008	region	6	0.0
2008	region	7	0.0
2009	region	1	0.0
2009	region	2	0.0
2009	region	3	0.0
2009	region	4	0.0
2009	region	5	0.0
2009	region	6	0.0
2009	region	7	0.0
2010	region	1	0.0
2010	region	2	0.0
2010	region	3	0.0
2010	region	4	0.0
2010	region	5	0.0
2010	region	6	0.0
2010	region	7	0.0
2011	region	1	0.0
2011	region	2	0.0
2011	region	3	0.0
2011	region	4	0.0
2011	region	5	0.0
2011	region	6	0.0
2011	region	7	0.0
2012	region	1	0.0
2012	region	2	0.0
2012	region	3	0.0
2012	region	4	0.0
2012	region	5	0.0
2012	region	6	0.0
2012	region	7	0.0
2013	region	1	0.0
2013	region	2	0.0
2013	region	3	0.0
2013	region	4	0.0
2013	region	5	0.0
2013	region	6	0.0
2013	region	7	0.0
2014	region	1	0.0
2014	region	2	0.0
2014	region	3	0.0
2014	region	4	0.0
2014	region	5	0.0
2014	region	6	0.0
2014	region	7	0.0
2015	region	1	0.0
2015	region	2	0.0
2015	region	3	0.0
2015	region	4	0.0
2015	region	5	0.0
2015	region	6	0.0
2015	region	7	0.0
2016	region	1	0.0
2016	region	2	0.0
2016	region	3	0.0
2016	region	4	0.0
2016	region	5	0.0
2016	region	6	0.0
2016	region	7	0.0
2017	region	1	0.0
2017	region	2	0.0
2017	region	3	0.0
2017	region	4	0.0
2017	region	5	0.0
2017	region	6	0.0
2017	region	7	0.0
2018	region	1	0.0
2018	region	2	0.0
2018	region	3	0.0
2018	region	4	0.0
2018	region	5	0.0
2018	region	6	0.0
2018	region	7	0.0
2019	region	1	0.0
2019	region	2	0.0
2019	region	3	0.0
2019	region	4	0.0
2019	region	5	0.0
2019	region	6	0.0
2019	region	7	0.0
2020	region	1	0.0
2020	region	2	0.0
2020	region	3	0.0
2020	region	4	0.0
2020	region	5	0.0
2020	region	6	0.0
2020	region	7	0.0