year	level	id	savanna
2000	state	AP	0.9710770068359376
2000	state	PA	0.0
2000	state	MA	1.687851260891544
2000	state	PI	0.0
2000	state	CE	0.1790771787109375
2000	state	RN	0.12276275021254596
2000	state	PB	0.0
2000	state	PE	0.0
2000	state	AL	0.0
2000	state	SE	0.0
2000	state	BA	0.0
2000	state	ES	0.0
2000	state	RJ	0.0
2000	state	SP	0.0
2000	state	PR	0.0
2000	state	SC	0.0
2001	state	AP	1.1567383749999998
2001	state	PA	0.0
2001	state	MA	1.1659006992187502
2001	state	PI	0.025340611328125
2001	state	CE	0.17904120214843752
2001	state	RN	0.0634225361328125
2001	state	PB	0.0
2001	state	PE	0.0
2001	state	AL	0.0
2001	state	SE	0.0
2001	state	BA	0.0
2001	state	ES	0.0
2001	state	RJ	0.0
2001	state	SP	0.0
2001	state	PR	0.0
2001	state	SC	0.0
2002	state	AP	1.1425547802734375
2002	state	PA	0.0
2002	state	MA	0.8327848906249998
2002	state	PI	0.0
2002	state	CE	0.0745977177734375
2002	state	RN	0.12684463085937503
2002	state	PB	0.0
2002	state	PE	0.0
2002	state	AL	0.0
2002	state	SE	0.0
2002	state	BA	0.0
2002	state	ES	0.0
2002	state	RJ	0.0
2002	state	SP	0.0
2002	state	PR	0.0
2002	state	SC	0.0
2003	state	AP	0.5998500419921875
2003	state	PA	0.0
2003	state	MA	1.3917806813265932
2003	state	PI	0.0
2003	state	CE	0.1436157339499081
2003	state	RN	0.10042658056640627
2003	state	PB	0.0
2003	state	PE	0.0
2003	state	AL	0.0
2003	state	SE	0.0
2003	state	BA	0.056449578125
2003	state	ES	0.0
2003	state	RJ	0.0
2003	state	SP	0.0
2003	state	PR	0.0
2003	state	SC	0.0
2004	state	AP	0.37132615039062494
2004	state	PA	0.0
2004	state	MA	1.2687459209405638
2004	state	PI	0.02533611328125
2004	state	CE	0.1193859248046875
2004	state	RN	0.11624993554687499
2004	state	PB	0.0
2004	state	PE	0.0
2004	state	AL	0.0
2004	state	SE	0.0
2004	state	BA	0.0
2004	state	ES	0.0
2004	state	RJ	0.0
2004	state	SP	0.0
2004	state	PR	0.0
2004	state	SC	0.0
2005	state	AP	0.3713399501953124
2005	state	PA	0.0
2005	state	MA	0.9992032343750001
2005	state	PI	0.025339271484375
2005	state	CE	0.11936737988281249
2005	state	RN	0.15853387744140623
2005	state	PB	0.0
2005	state	PE	0.0
2005	state	AL	0.0
2005	state	SE	0.0
2005	state	BA	0.0
2005	state	ES	0.0
2005	state	RJ	0.0
2005	state	SP	0.0
2005	state	PR	0.0
2005	state	SC	0.0
2006	state	AP	0.7426122460937501
2006	state	PA	0.0
2006	state	MA	0.8855151351715687
2006	state	PI	0.0
2006	state	CE	0.07965554351256127
2006	state	RN	0.36467681445312494
2006	state	PB	0.0
2006	state	PE	0.0
2006	state	AL	0.0
2006	state	SE	0.0
2006	state	BA	0.0
2006	state	ES	0.0
2006	state	RJ	0.0
2006	state	SP	0.0
2006	state	PR	0.0
2006	state	SC	0.0
2007	state	AP	0.5570374208984376
2007	state	PA	0.0
2007	state	MA	0.8161269985294117
2007	state	PI	0.025336376953125
2007	state	CE	0.19396351171875
2007	state	RN	0.3699869375
2007	state	PB	0.0
2007	state	PE	0.0
2007	state	AL	0.0
2007	state	SE	0.0
2007	state	BA	0.0
2007	state	ES	0.0
2007	state	RJ	0.0
2007	state	SP	0.0
2007	state	PR	0.0
2007	state	SC	0.0
2008	state	AP	0.5712929775390625
2008	state	PA	0.0
2008	state	MA	0.8982518132506128
2008	state	PI	0.0
2008	state	CE	0.1790635029296875
2008	state	RN	0.32770781982421876
2008	state	PB	0.0
2008	state	PE	0.0
2008	state	AL	0.0
2008	state	SE	0.0
2008	state	BA	0.05644863671875
2008	state	ES	0.0
2008	state	RJ	0.0
2008	state	SP	0.0
2008	state	PR	0.0
2008	state	SC	0.0
2009	state	AP	0.7854802148437501
2009	state	PA	0.0
2009	state	MA	1.0535836204044118
2009	state	PI	0.0
2009	state	CE	0.2238314248046875
2009	state	RN	0.14267331982421877
2009	state	PB	0.0
2009	state	PE	0.0
2009	state	AL	0.0
2009	state	SE	0.0
2009	state	BA	0.0
2009	state	ES	0.0
2009	state	RJ	0.0
2009	state	SP	0.0
2009	state	PR	0.0
2009	state	SC	0.0
2010	state	AP	0.47125832617187513
2010	state	PA	0.0
2010	state	MA	0.9419692464767158
2010	state	PI	0.02533611328125
2010	state	CE	0.179052853515625
2010	state	RN	0.08455573779296875
2010	state	PB	0.0
2010	state	PE	0.0
2010	state	AL	0.0
2010	state	SE	0.0
2010	state	BA	0.0
2010	state	ES	0.0
2010	state	RJ	0.0
2010	state	SP	0.0
2010	state	PR	0.0
2010	state	SC	0.0
2011	state	AP	0.4284496533203125
2011	state	PA	0.0
2011	state	MA	1.1659381523437502
2011	state	PI	0.0
2011	state	CE	0.16968924115349265
2011	state	RN	0.11096113476562501
2011	state	PB	0.0
2011	state	PE	0.0
2011	state	AL	0.0
2011	state	SE	0.0
2011	state	BA	0.0
2011	state	ES	0.0
2011	state	RJ	0.0
2011	state	SP	0.0
2011	state	PR	0.0
2011	state	SC	0.0
2012	state	AP	0.5998157724609374
2012	state	PA	0.0
2012	state	MA	1.805760939016544
2012	state	PI	0.025338033203125
2012	state	CE	0.26471972497702206
2012	state	RN	0.13213992919921874
2012	state	PB	0.0
2012	state	PE	0.0
2012	state	AL	0.0
2012	state	SE	0.0
2012	state	BA	0.056441578125
2012	state	ES	0.0
2012	state	RJ	0.0
2012	state	SP	0.0
2012	state	PR	0.0
2012	state	SC	0.0
2013	state	AP	0.9426433095703124
2013	state	PA	0.0
2013	state	MA	1.2190711247549022
2013	state	PI	0.0
2013	state	CE	0.16410230761718753
2013	state	RN	0.15856712792968752
2013	state	PB	0.0
2013	state	PE	0.0
2013	state	AL	0.0
2013	state	SE	0.0
2013	state	BA	0.0
2013	state	ES	0.0
2013	state	RJ	0.0
2013	state	SP	0.0
2013	state	PR	0.0
2013	state	SC	0.0
2014	state	AP	0.3525931473575368
2014	state	PA	0.0
2014	state	MA	0.8995109375
2014	state	PI	0.0
2014	state	CE	0.05260205252374388
2014	state	RN	0.4710324244772518
2014	state	PB	0.0
2014	state	PE	0.0
2014	state	AL	0.0
2014	state	SE	0.0
2014	state	BA	0.0
2014	state	ES	0.0
2014	state	RJ	0.0
2014	state	SP	0.0
2014	state	PR	0.0
2014	state	SC	0.0
2015	state	AP	0.47128685253906244
2015	state	PA	0.0
2015	state	MA	0.7327965507812501
2015	state	PI	0.0
2015	state	CE	0.1790212685546875
2015	state	RN	0.993830792480468
2015	state	PB	0.0
2015	state	PE	0.0
2015	state	AL	0.0
2015	state	SE	0.0
2015	state	BA	0.0
2015	state	ES	0.0
2015	state	RJ	0.0
2015	state	SP	0.0
2015	state	PR	0.0
2015	state	SC	0.0
2016	state	AP	1.4424877568359373
2016	state	PA	0.0
2016	state	MA	1.0963537358302695
2016	state	PI	0.050672490234375
2016	state	CE	0.0894540947265625
2016	state	RN	1.4273230297851558
2016	state	PB	0.0
2016	state	PE	0.0
2016	state	AL	0.0
2016	state	SE	0.0
2016	state	BA	0.05644863671875
2016	state	ES	0.0
2016	state	RJ	0.0
2016	state	SP	0.0
2016	state	PR	0.0
2016	state	SC	0.0
2017	state	AP	0.34273727734375
2017	state	PA	0.0
2017	state	MA	0.93274028125
2017	state	PI	0.050676001953124994
2017	state	CE	0.09724894748391544
2017	state	RN	1.5648583315429672
2017	state	PB	0.0
2017	state	PE	0.0
2017	state	AL	0.0
2017	state	SE	0.0
2017	state	BA	0.05644863671875
2017	state	ES	0.0
2017	state	RJ	0.0
2017	state	SP	0.0
2017	state	PR	0.0
2017	state	SC	0.0
2018	state	AP	0.5283484287109375
2018	state	PA	0.0
2018	state	MA	0.687646464430147
2018	state	PI	0.0
2018	state	CE	0.0447196865234375
2018	state	RN	0.07928815478515627
2018	state	PB	0.0
2018	state	PE	0.0
2018	state	AL	0.0
2018	state	SE	0.0
2018	state	BA	0.0
2018	state	ES	0.0
2018	state	RJ	0.0
2018	state	SP	0.0
2018	state	PR	0.0
2018	state	SC	0.0
2019	state	AP	0.5569085390625
2019	state	PA	0.0
2019	state	MA	0.49980711328124994
2019	state	PI	0.0
2019	state	CE	0.0298513466796875
2019	state	RN	0.02114693310546875
2019	state	PB	0.0
2019	state	PE	0.0
2019	state	AL	0.0
2019	state	SE	0.0
2019	state	BA	0.0
2019	state	ES	0.0
2019	state	RJ	0.0
2019	state	SP	0.0
2019	state	PR	0.0
2019	state	SC	0.0
2020	state	AP	0.44269163867187494
2020	state	PA	0.0
2020	state	MA	0.8329779609374999
2020	state	PI	0.0
2020	state	CE	0.05969661328125
2020	state	RN	0.09515620068359376
2020	state	PB	0.0
2020	state	PE	0.0
2020	state	AL	0.0
2020	state	SE	0.0
2020	state	BA	0.0
2020	state	ES	0.0
2020	state	RJ	0.0
2020	state	SP	0.0
2020	state	PR	0.0
2020	state	SC	0.0